date,glassnode_f1,glassnode_f2,glassnode_f3,glassnode_f4,glassnode_f5
2020-01-01,5.1582775,12.8521805,18.814423,0.0,10.379363
2020-01-02,4.3004518,10.774682,13.848403,0.0,14.168247
2020-01-03,4.05194,9.483096,11.684012,0.0,15.4550295
2020-01-04,4.5074773,11.165746,15.611609,0.0,13.282855
2020-01-05,4.602642,11.701281,16.72187,0.0,13.204277
2020-01-06,4.0783505,9.27231,11.285369,0.0,14.83846
2020-01-07,3.9237127,9.904805,12.0823965,0.0,17.33582
2020-01-08,3.9552004,9.172988,10.808452,0.0,15.409714
2020-01-09,3.9309237,8.730116,10.903583,0.0,15.801257
2020-01-10,3.8559642,9.100617,11.098576,0.0,16.487679
2020-01-11,4.300737,10.749594,14.0994835,0.0,14.51254
2020-01-12,4.624954,11.59569,16.383625,0.0,12.676211
2020-01-13,4.2513943,10.204893,12.590989,0.0,14.000825
2020-01-14,3.870814,8.465707,11.266156,0.0,17.543667
2020-01-15,3.9238918,7.8448467,10.448971,0.0,16.127146
2020-01-16,4.005602,9.470798,11.3656645,0.0,16.005642
2020-01-17,3.9958563,8.816003,10.858455,0.0,15.791509
2020-01-18,4.495878,11.074595,14.920722,0.0,13.267637
2020-01-19,4.483901,10.8007555,14.509305,0.0,13.175003
2020-01-20,4.097245,9.374121,11.210002,0.0,15.294453
2020-01-21,4.0553923,9.809166,11.358903,0.0,15.5843115
2020-01-22,4.0207396,9.586715,11.669156,0.0,16.344465
2020-01-23,4.0394216,9.723013,11.766487,0.0,16.290678
2020-01-24,4.1017084,9.938232,11.635649,0.0,15.705394
2020-01-25,4.453832,11.204897,14.304076,0.0,13.707137
2020-01-26,5.0568514,11.8207855,16.264359,0.0,11.292365
2020-01-27,4.7159343,8.534315,10.492812,0.0,12.628349
2020-01-28,3.9718301,8.949089,11.357216,0.0,17.017515
2020-01-29,4.019871,9.39307,11.530835,0.0,16.712986
2020-01-30,4.0413537,8.272699,10.808611,0.0,16.19259
2020-01-31,4.0158267,8.724987,11.024683,0.0,16.391718
2020-02-01,4.2319727,9.802303,11.879403,0.0,14.803486
2020-02-02,4.2395267,10.04024,11.743017,0.0,14.369218
2020-02-03,4.0008655,8.014428,10.905089,0.0,16.621222
2020-02-04,4.0617313,9.155428,10.779377,0.0,15.351096
2020-02-05,3.9425511,9.435863,11.985236,0.0,18.395744
2020-02-06,4.0443707,7.9349475,10.163689,0.0,15.231179
2020-02-07,3.9125478,7.646633,10.589896,0.0,16.947039
2020-02-08,4.1277328,9.958586,11.699826,0.0,15.7970495
2020-02-09,4.2718053,10.701096,13.260478,0.0,15.215425
2020-02-10,4.219878,9.246609,11.540774,0.0,14.27276
2020-02-11,3.8760705,8.90999,11.66736,0.0,18.704157
2020-02-12,3.9333906,8.580323,10.73405,0.0,16.966545
2020-02-13,3.9399219,8.729922,10.988398,0.0,17.189064
2020-02-14,4.0504017,8.920257,10.756851,0.0,15.658324
2020-02-15,4.0628386,9.411112,11.111775,0.0,16.015581
2020-02-16,4.5647626,10.350685,14.564367,0.0,13.389161
2020-02-17,4.0476184,8.557816,10.943416,0.0,16.71901
2020-02-18,4.039299,9.016437,11.074678,0.0,16.538065
2020-02-19,4.0113387,8.349009,10.704431,0.0,16.525087
2020-02-20,4.083553,8.9347,10.6710825,0.0,15.711869
2020-02-21,4.0668335,9.608248,11.574783,0.0,16.91683
2020-02-22,4.3834414,10.604711,13.581407,0.0,14.639942
2020-02-23,4.675136,11.112809,15.525026,0.0,13.133178
2020-02-24,4.095588,9.658372,11.466723,0.0,16.46215
2020-02-25,4.092249,9.462037,11.241594,0.0,16.386728
2020-02-26,4.0700707,9.172766,10.8548155,0.0,16.357344
2020-02-27,4.03741,9.103462,11.091881,0.0,16.695118
2020-02-28,3.9747136,9.196151,11.738862,0.0,18.304754
2020-02-29,4.4025793,10.479014,13.376155,0.0,14.635025
2020-03-01,4.3812814,10.890455,13.717419,0.0,15.147819
2020-03-02,4.0680094,9.391462,11.415833,0.0,17.387024
2020-03-03,4.059744,9.574125,11.659884,0.0,17.55845
2020-03-04,4.018509,9.436602,12.467368,0.0,19.337904
2020-03-05,4.0669036,9.343918,11.4059305,0.0,17.43339
2020-03-06,4.0519133,9.050458,11.088696,0.0,17.070671
2020-03-07,4.3559637,10.497926,13.084436,0.0,15.160607
2020-03-08,4.558102,10.922089,14.451127,0.0,14.333695
2020-03-09,4.0637846,8.642784,11.029355,0.0,17.35498
2020-03-10,4.097092,8.859128,10.894582,0.0,16.853193
2020-03-11,4.709202,8.007889,9.757819,0.0,13.1455345
2020-03-12,3.6994233,5.8219357,9.102202,0.0,17.322504
2020-03-13,3.83322,5.4479175,5.5481396,0.0,11.94901
2020-03-14,4.3203053,8.811001,8.8212595,0.0,13.676206
2020-03-15,5.558473,11.870321,11.266795,0.0,8.223311
2020-03-16,4.191104,7.2486234,7.8381023,0.0,11.844918
2020-03-17,4.158994,7.5674562,7.7581353,0.0,12.949179
2020-03-18,4.65309,8.996942,11.096792,0.0,8.429071
2020-03-19,4.0345984,7.7673316,8.972705,0.0,11.391354
2020-03-20,3.5932677,7.2175093,8.817431,0.0,12.568762
2020-03-21,4.8117895,10.823392,11.700524,0.0,10.569362
2020-03-22,7.5873904,12.634028,13.915761,0.0,6.1182384
2020-03-23,4.4046407,8.95715,10.868948,0.0,11.278334
2020-03-24,4.5231586,8.354411,8.755872,0.0,13.309028
2020-03-25,5.8795114,10.679772,12.907655,0.0,7.0512657
2020-03-26,4.062835,9.194608,9.963761,0.0,15.301506
2020-03-27,4.597599,9.406477,8.904745,0.0,14.085814
2020-03-28,5.2919827,11.339687,13.466978,0.0,10.153021
2020-03-29,5.7119107,12.428235,15.048335,0.0,9.252023
2020-03-30,4.621815,9.192558,9.12652,0.0,13.991935
2020-03-31,4.384688,9.066016,9.758646,0.0,14.892296
2020-04-01,4.505899,9.168365,9.491485,0.0,14.567806
2020-04-02,4.1960425,9.050019,10.377199,0.0,15.61702
2020-04-03,4.5635123,9.145257,9.304294,0.0,13.998548
2020-04-04,5.4895043,11.349556,11.675052,0.0,12.052711
2020-04-05,5.7351875,12.565184,14.307524,0.0,10.410789
2020-04-06,4.595138,8.902455,9.044234,0.0,14.101295
2020-04-07,4.2209835,8.811777,10.721059,0.0,17.046282
2020-04-08,4.3728538,9.596601,10.159355,0.0,14.883937
2020-04-09,4.5644326,9.167776,10.042757,0.0,14.415945
2020-04-10,4.5436444,9.085551,10.18158,0.0,14.344763
2020-04-11,5.4290805,11.700374,13.823167,0.0,11.085744
2020-04-12,5.915365,13.079139,14.138788,0.0,9.325507
2020-04-13,4.5510817,9.321265,9.875902,0.0,14.7945385
2020-04-14,4.216586,9.378313,10.55531,0.0,15.893103
2020-04-15,4.165846,9.186098,10.781787,0.0,17.062986
2020-04-16,4.045647,8.514088,10.43111,0.0,17.094894
2020-04-17,4.514531,9.056764,9.3014965,0.0,14.962461
2020-04-18,4.476722,10.32847,10.882422,0.0,16.01983
2020-04-19,5.333906,11.668929,11.526613,0.0,12.010105
2020-04-20,4.1665325,9.268221,10.827149,0.0,16.83546
2020-04-21,4.157646,9.201089,10.581388,0.0,16.398766
2020-04-22,4.5135574,9.248331,10.396274,0.0,13.723488
2020-04-23,3.959871,8.574373,10.370236,0.0,17.69079
2020-04-24,4.0117807,8.165517,10.169764,0.0,17.149107
2020-04-25,4.64547,10.297437,9.963661,0.0,14.971171
2020-04-26,5.268857,11.621775,10.457546,0.0,12.316757
2020-04-27,4.165107,8.659316,10.188608,0.0,16.603731
2020-04-28,4.0841427,9.1246805,11.082843,0.0,17.9859
2020-04-29,3.914755,6.818029,9.2289295,0.0,17.254902
2020-04-30,3.5525815,5.4877424,7.1313815,0.0,15.956321
2020-05-01,3.323975,7.4714327,9.176955,0.0,17.219364
2020-05-02,4.266148,10.388349,9.664884,0.0,15.365095
2020-05-03,4.7359886,10.813088,9.4546995,0.0,15.203556
2020-05-04,3.846695,8.496163,9.911642,0.0,17.130812
2020-05-05,3.8364017,8.225855,9.999949,0.0,17.793512
2020-05-06,3.8714862,8.29195,9.990265,0.0,17.956873
2020-05-07,3.7022824,7.4139905,9.314426,0.0,18.139849
2020-05-08,3.392744,6.9651237,8.661284,0.0,16.486523
2020-05-09,3.675578,7.743777,9.062561,0.0,16.09392
2020-05-10,4.6122704,10.350568,9.539864,0.0,15.859871
2020-05-11,3.9473007,8.007613,8.754547,0.0,16.655827
2020-05-12,3.423994,7.3098984,9.133008,0.0,17.815346
2020-05-13,3.1682954,6.974866,7.9931965,0.0,14.15496
2020-05-14,2.9943912,6.316107,6.004892,0.0,11.771106
2020-05-15,2.3721054,6.3333387,7.9682307,0.0,14.4089365
2020-05-16,3.1255617,8.350382,9.474539,0.0,14.707722
2020-05-17,4.0899296,10.0506315,7.9980583,0.0,9.173595
2020-05-18,2.9586432,6.8551745,6.211137,0.0,12.347558
2020-05-19,2.4065876,5.6304564,5.7742343,0.0,11.45412
2020-05-20,2.1817977,5.762892,6.3323693,0.0,11.89705
2020-05-21,1.9559414,5.922362,7.3196325,0.0,13.50985
2020-05-22,2.4237645,6.3626657,7.0249863,0.0,11.922302
2020-05-23,3.588241,9.0402775,8.090686,0.0,12.517419
2020-05-24,5.3942385,12.416758,5.7321615,0.0,8.419602
2020-05-25,4.1135697,8.236366,6.9420314,0.0,12.50906
2020-05-26,3.7604172,7.9396043,8.60291,0.0,14.817286
2020-05-27,4.079756,8.018108,8.304494,0.0,15.227885
2020-05-28,3.582346,8.123165,9.048809,0.0,15.324445
2020-05-29,3.7343128,7.6335506,7.612174,0.0,13.73337
2020-05-30,4.508831,10.594541,9.588346,0.0,15.231881
2020-05-31,4.80173,10.414258,7.9751153,0.0,12.102444
2020-06-01,3.8710914,7.5891666,8.620038,0.0,15.774596
2020-06-02,3.7165594,6.5543804,7.405959,0.0,14.99184
2020-06-03,3.7548556,7.713228,9.005033,0.0,16.43498
2020-06-04,4.023052,8.241044,9.676128,0.0,17.13756
2020-06-05,4.0255384,8.444372,10.093973,0.0,17.661823
2020-06-06,4.454993,10.102087,10.192981,0.0,14.925915
2020-06-07,5.1871223,11.63675,12.088576,0.0,11.652834
2020-06-08,4.2024484,8.809529,10.275812,0.0,17.448807
2020-06-09,4.169939,9.021357,10.7523775,0.0,18.068037
2020-06-10,4.155365,8.321145,10.124759,0.0,17.473267
2020-06-11,4.1887693,9.079391,11.371521,0.0,19.762066
2020-06-12,4.281627,9.349171,10.893519,0.0,17.922165
2020-06-13,4.8031535,10.354891,9.908475,0.0,14.886871
2020-06-14,4.9322467,11.098097,13.174162,0.0,13.740943
2020-06-15,4.4735737,8.731106,9.021255,0.0,15.39552
2020-06-16,4.0177126,7.7246704,9.841787,0.0,18.302095
2020-06-17,4.0798264,8.598969,10.152284,0.0,17.960014
2020-06-18,4.325665,8.990198,8.8494625,0.0,14.36245
2020-06-19,4.001755,7.548911,9.844658,0.0,18.478148
2020-06-20,4.452866,9.974711,10.26344,0.0,14.730119
2020-06-21,5.158918,11.647166,11.362567,0.0,12.399061
2020-06-22,4.357264,8.768523,9.405285,0.0,15.66693
2020-06-23,4.0003514,7.893345,10.577554,0.0,19.788126
2020-06-24,4.4031005,8.136511,9.168413,0.0,16.727718
2020-06-25,4.377421,8.396354,9.424713,0.0,16.8132
2020-06-26,4.176332,8.429545,10.551596,0.0,18.278913
2020-06-27,4.670453,9.9443655,9.670266,0.0,14.265209
2020-06-28,5.1195045,10.601961,12.386422,0.0,12.66569
2020-06-29,4.3378153,8.764178,10.035498,0.0,17.158585
2020-06-30,4.5052977,8.539364,8.866493,0.0,16.128635
2020-07-01,3.8996432,8.13959,10.727974,0.0,21.160759
2020-07-02,4.04692,8.381474,10.048275,0.0,18.434475
2020-07-03,4.075486,8.61642,10.202664,0.0,18.276464
2020-07-04,4.533463,9.735422,9.809791,0.0,15.237239
2020-07-05,4.900756,10.504301,9.7874975,0.0,13.903977
2020-07-06,4.1846027,8.31054,10.360264,0.0,18.669136
2020-07-07,4.158536,8.471436,10.266297,0.0,18.88941
2020-07-08,4.105336,8.272147,10.224828,0.0,19.065573
2020-07-09,4.0406413,8.638529,10.850532,0.0,20.198385
2020-07-10,4.121121,8.687288,10.533739,0.0,19.099014
2020-07-11,4.3979297,9.768723,10.553175,0.0,16.795189
2020-07-12,4.7394423,10.028641,10.719087,0.0,14.254066
2020-07-13,4.3638577,8.102785,8.957068,0.0,16.415445
2020-07-14,3.8829207,8.184079,9.976853,0.0,19.286823
2020-07-15,3.8499582,8.374077,9.666462,0.0,17.192661
2020-07-16,3.6554132,7.791992,9.52365,0.0,18.13613
2020-07-17,3.641587,7.8544545,8.46017,0.0,14.615726
2020-07-18,3.586689,8.531071,9.815237,0.0,16.145206
2020-07-19,4.685893,10.187335,8.970677,0.0,14.302474
2020-07-20,3.768992,8.125843,9.169831,0.0,16.398094
2020-07-21,3.149718,7.397366,8.901884,0.0,15.711617
2020-07-22,2.9024584,6.891946,8.9509325,0.0,18.44796
2020-07-23,2.8887906,6.809453,8.654236,0.0,16.882486
2020-07-24,3.4025614,7.554652,9.621104,0.0,19.804167
2020-07-25,3.83183,8.4074,8.71271,0.0,15.557504
2020-07-26,4.293044,9.561953,9.273574,0.0,16.414648
2020-07-27,3.2636287,6.835876,8.618072,0.0,17.100706
2020-07-28,2.501378,5.7006974,7.9238853,0.0,17.559603
2020-07-29,2.6302133,6.3879905,8.43034,0.0,17.443535
2020-07-30,2.3325253,6.146111,8.040704,0.0,15.851562
2020-07-31,2.8012064,6.844702,8.939476,0.0,18.549791
2020-08-01,3.2239,7.4388156,8.027959,0.0,15.078915
2020-08-02,3.7928743,8.397267,8.13156,0.0,15.000136
2020-08-03,3.366915,7.248071,9.070145,0.0,18.450035
2020-08-04,3.3532157,7.4279532,9.201385,0.0,17.691008
2020-08-05,3.0725863,6.723087,7.1646967,0.0,14.219282
2020-08-06,2.5466888,5.987239,8.283538,0.0,18.538416
2020-08-07,3.1728597,7.2005777,8.840086,0.0,17.710505
2020-08-08,4.522208,9.236042,8.101897,0.0,15.263743
2020-08-09,5.3398447,11.223569,7.987363,0.0,14.232556
2020-08-10,3.0790632,6.8307924,7.9069824,0.0,15.597196
2020-08-11,2.9891047,6.883973,8.944789,0.0,18.589188
2020-08-12,3.292581,7.4606643,9.433086,0.0,18.979542
2020-08-13,3.3061414,7.6361794,9.2952585,0.0,17.185726
2020-08-14,3.7711124,7.0909142,9.282735,0.0,20.277935
2020-08-15,4.5953293,7.9181485,8.312176,0.0,17.388092
2020-08-16,4.8473325,7.6432033,6.918835,0.0,14.4390745
2020-08-17,4.1038356,4.72568,4.811829,0.0,13.418259
2020-08-18,3.023421,4.578055,6.9243755,0.0,17.211948
2020-08-19,3.1534793,5.273926,7.1738777,0.0,16.763714
2020-08-20,3.4492521,5.67118,7.3562427,0.0,17.020166
2020-08-21,3.611801,6.530863,7.2954473,0.0,16.676462
2020-08-22,3.9947493,7.3119326,7.9658494,0.0,16.083181
2020-08-23,5.1335855,8.897507,7.8093,0.0,15.468809
2020-08-24,4.2538443,6.5790553,7.721433,0.0,16.96934
2020-08-25,4.12228,6.5778265,6.790962,0.0,15.50803
2020-08-26,4.0303397,5.9858913,6.876995,0.0,16.818125
2020-08-27,3.587866,5.30378,6.6383777,0.0,16.099972
2020-08-28,3.9129124,5.884135,8.241316,0.0,19.193832
2020-08-29,4.781275,7.600601,7.13849,0.0,15.73035
2020-08-30,4.7671266,7.631583,6.3250995,0.0,13.120384
2020-08-31,4.1610713,5.217392,5.51556,0.0,14.803887
2020-09-01,3.6367493,4.29794,7.2219887,0.0,19.72852
2020-09-02,3.769645,4.982132,5.7624264,0.0,15.988413
2020-09-03,3.4855149,3.9608364,4.7906547,0.0,14.497235
2020-09-04,3.3978667,3.9534526,4.13271,0.0,13.7486515
2020-09-05,3.9294453,5.248718,6.2614365,0.0,16.261452
2020-09-06,5.166208,8.206051,5.40724,0.0,12.95105
2020-09-07,4.1934457,4.91192,6.623259,0.0,17.386362
2020-09-08,4.141479,5.1004677,6.7578125,0.0,17.097166
2020-09-09,3.983891,4.2079477,5.3459635,0.0,15.209051
2020-09-10,3.6910942,3.2123637,5.9238677,0.0,17.89483
2020-09-11,3.9859235,4.2847185,5.046095,0.0,14.958649
2020-09-12,4.6161923,6.200728,6.5539045,0.0,15.024694
2020-09-13,5.257537,6.9744844,6.7753,0.0,11.216951
2020-09-14,4.207697,5.0458016,7.6476135,0.0,18.91232
2020-09-15,4.178241,4.8554516,6.5487204,0.0,17.101702
2020-09-16,4.088595,4.3922954,6.747134,0.0,18.092491
2020-09-17,3.9015775,2.6237316,6.2405424,0.0,18.164455
2020-09-18,4.034945,3.4395242,5.635786,0.0,15.903076
2020-09-19,4.6237445,5.7323875,6.180862,0.0,14.754517
2020-09-20,5.341368,7.544295,7.018432,0.0,12.04723
2020-09-21,4.3282537,4.3799253,5.0241084,0.0,13.961525
2020-09-22,4.194113,4.969428,5.748508,0.0,15.242072
2020-09-23,3.9852815,4.8208127,6.952749,0.0,17.991516
2020-09-24,4.1754394,5.4592147,6.2345047,0.0,15.731085
2020-09-25,4.1676707,4.8374314,7.5848007,0.0,19.433834
2020-09-26,5.0508084,7.2420397,6.2797284,0.0,14.333112
2020-09-27,5.3211503,7.817298,7.3752217,0.0,12.023838
2020-09-28,4.496395,6.2232113,6.188513,0.0,14.280456
2020-09-29,4.0524497,4.9371276,7.0168104,0.0,17.909405
2020-09-30,4.16476,5.4452877,7.4570794,0.0,19.178461
2020-10-01,3.9603715,5.6339693,5.8633914,0.0,14.867037
2020-10-02,3.74066,4.371641,5.1824565,0.0,15.136326
2020-10-03,4.6016893,6.6294074,7.047984,0.0,16.535496
2020-10-04,5.2803054,8.637708,6.2582235,0.0,13.65359
2020-10-05,4.1182413,5.924797,5.732961,0.0,14.172893
2020-10-06,3.852156,5.220332,5.958665,0.0,15.626268
2020-10-07,3.8624163,5.616186,8.027524,0.0,19.72718
2020-10-08,4.1492357,5.94794,6.956221,0.0,17.43166
2020-10-09,3.8940454,4.570906,6.223108,0.0,17.238611
2020-10-10,4.6021824,7.02568,6.769229,0.0,15.574749
2020-10-11,5.2296643,7.551705,6.9439855,0.0,11.643094
2020-10-12,4.4336977,6.241204,6.719392,0.0,15.995466
2020-10-13,4.44652,5.9925356,7.2460623,0.0,18.350462
2020-10-14,4.3525205,5.7575994,6.334367,0.0,15.845453
2020-10-15,4.250601,5.1446805,6.8831234,0.0,18.065504
2020-10-16,4.499089,6.0054417,6.9544954,0.0,17.32525
2020-10-17,4.979539,6.864327,5.9618506,0.0,13.39478
2020-10-18,5.98302,8.597828,8.339863,0.0,9.171013
2020-10-19,4.3473763,4.236679,5.0137963,0.0,14.248896
2020-10-20,3.8296695,2.31572,4.735102,0.0,15.406366
2020-10-21,3.5770156,2.7357748,3.9599924,0.0,14.031043
2020-10-22,2.8454168,1.3422835,4.089475,0.0,15.450648
2020-10-23,3.5163765,3.8979447,4.998018,0.0,15.39202
2020-10-24,4.594975,6.9524903,6.867393,0.0,16.767895
2020-10-25,5.1585283,8.774911,4.9138327,0.0,10.79362
2020-10-26,4.262593,4.892883,4.6637588,0.0,9.687035
2020-10-27,3.340862,3.7076006,3.9491527,0.0,8.27917
2020-10-28,2.7436092,2.848025,3.2386272,0.0,8.939492
2020-10-29,2.245934,2.8015175,2.1583579,0.0,11.030976
2020-10-30,2.1400037,2.9253001,1.6766032,0.0,10.714511
2020-10-31,2.2813685,4.4931808,3.730504,0.0,11.482951
2020-11-01,3.501759,4.8948274,3.876837,0.0,11.664841
2020-11-02,5.0198216,3.4806132,2.626065,0.0,5.4819803
2020-11-03,1.6008122,1.3287688,2.6363862,0.0,15.325339
2020-11-04,3.4555259,4.754377,5.308044,0.0,16.597658
2020-11-05,1.9091935,1.5174639,2.6900835,0.0,14.721462
2020-11-06,2.2093725,1.6277348,3.749928,0.0,16.199163
2020-11-07,4.724676,8.186626,4.87646,0.0,13.1418705
2020-11-08,5.4766335,9.974617,4.6820364,0.0,11.138782
2020-11-09,4.373133,6.180962,6.682355,0.0,18.81288
2020-11-10,3.7405639,5.0051875,4.9534817,0.0,14.853399
2020-11-11,4.2154765,5.8947463,6.4934635,0.0,16.958918
2020-11-12,4.3457203,6.249997,6.857135,0.0,17.695278
2020-11-13,4.3499756,6.7466993,6.356288,0.0,15.686667
2020-11-14,4.959443,7.535094,6.09287,0.0,14.088655
2020-11-15,5.716339,9.833451,6.0734835,0.0,12.5908785
2020-11-16,4.2091937,3.8360045,4.9565387,0.0,15.299647
2020-11-17,4.0894284,4.2604656,6.436972,0.0,18.523005
2020-11-18,4.0667677,4.2941017,6.973778,0.0,19.940552
2020-11-19,4.2779765,5.487888,5.7691,0.0,16.130903
2020-11-20,4.481389,5.6707964,7.4668913,0.0,19.709229
2020-11-21,5.028644,7.5124083,7.5640955,0.0,17.183296
2020-11-22,5.2097588,7.8859377,6.44259,0.0,13.7274065
2020-11-23,4.8002143,6.6179647,6.2904706,0.0,15.581982
2020-11-24,4.251588,5.4299664,6.5295415,0.0,17.431143
2020-11-25,4.1904516,5.4386234,7.4464173,0.0,19.838928
2020-11-26,4.2137604,5.5496073,6.269123,0.0,17.362455
2020-11-27,4.57861,6.7353415,7.1325827,0.0,17.894287
2020-11-28,5.2231035,8.833705,7.4247437,0.0,16.40015
2020-11-29,5.4149885,9.315954,6.59322,0.0,13.422126
2020-11-30,4.6465077,6.2807446,4.8192673,0.0,11.699826
2020-12-01,3.5091856,4.785313,7.4834104,0.0,20.4358
2020-12-02,3.720718,5.676137,6.507378,0.0,16.748571
2020-12-03,3.636471,6.2523923,7.852363,0.0,19.241196
2020-12-04,4.2656417,6.1094794,6.4045067,0.0,17.095118
2020-12-05,5.1944656,8.625463,6.4060082,0.0,15.1763735
2020-12-06,5.6918683,10.080945,6.2408023,0.0,13.192426
2020-12-07,4.7757015,7.4689946,6.955859,0.0,16.169828
2020-12-08,4.6430497,7.0358195,7.6284266,0.0,18.267557
2020-12-09,4.5645714,6.423742,6.8172936,0.0,17.396137
2020-12-10,4.5393386,6.411237,6.5691824,0.0,16.420496
2020-12-11,4.779926,7.5591726,7.0869026,0.0,16.916864
2020-12-12,4.984032,7.96812,7.2355227,0.0,15.896498
2020-12-13,5.4438133,8.806146,6.7166185,0.0,14.741772
2020-12-14,4.695102,6.557631,6.7563977,0.0,16.46312
2020-12-15,4.595953,6.2693596,6.678708,0.0,17.121967
2020-12-16,4.464717,5.3579392,5.7325177,0.0,16.689491
2020-12-17,3.4026306,3.8733728,4.2081265,0.0,14.777386
2020-12-18,3.148367,3.732828,6.5178185,0.0,19.905373
2020-12-19,4.144709,6.547166,7.755424,0.0,19.13802
2020-12-20,5.4104476,9.436526,6.59344,0.0,15.285008
2020-12-21,4.352417,6.9722285,4.147134,0.0,12.76615
2020-12-22,4.014055,5.5192094,5.994288,0.0,16.985218
2020-12-23,3.9549837,5.4510493,6.407891,0.0,18.223967
2020-12-24,4.2737064,5.9970274,4.4872966,0.0,12.760765
2020-12-25,4.540468,6.513836,6.2263346,0.0,15.87509
2020-12-26,4.9420733,7.357396,5.670276,0.0,14.016978
2020-12-27,4.484469,5.7378697,5.7721395,0.0,16.255428
2020-12-28,4.5808086,6.591072,6.328729,0.0,17.208609
2020-12-29,4.3644686,6.230643,6.9634624,0.0,18.772285
2020-12-30,4.522248,6.6684113,7.285357,0.0,19.810585
2020-12-31,4.3889756,6.171228,7.1148806,0.0,19.881273
2021-01-01,5.897309,10.1821,5.9305553,0.0,13.787189
2021-01-02,4.7601175,6.6422453,5.9859524,0.0,16.58393
2021-01-03,4.5049624,5.9100537,7.5899177,0.0,20.513624
2021-01-04,4.3419814,6.1918306,8.239787,0.0,22.169123
2021-01-05,4.247064,5.466851,6.8774824,0.0,20.095612
2021-01-06,4.0414133,5.382426,8.362261,0.0,23.639885
2021-01-07,3.9076214,4.013533,7.5365105,0.0,23.090622
2021-01-08,3.8586688,4.3153744,6.062404,0.0,19.744137
2021-01-09,4.285399,5.964266,6.1475134,0.0,17.115486
2021-01-10,4.680864,6.8371835,7.2279186,0.0,19.140507
2021-01-11,3.9961538,4.836789,5.683066,0.0,18.096151
2021-01-12,3.7361636,4.665876,5.5521517,0.0,17.857622
2021-01-13,4.1833887,6.0331388,6.0202765,0.0,17.429628
2021-01-14,3.9865336,5.4474506,6.269267,0.0,18.355587
2021-01-15,4.0358777,5.918048,6.8032393,0.0,19.243748
2021-01-16,4.7183776,7.090465,6.569192,0.0,17.326029
2021-01-17,5.266668,8.773167,6.007506,0.0,14.2349205
2021-01-18,4.682135,6.901434,6.72077,0.0,17.200426
2021-01-19,4.479194,6.1104794,6.4283514,0.0,17.78108
2021-01-20,4.506054,6.2425656,6.1443853,0.0,16.948236
2021-01-21,4.159667,5.419352,4.542446,0.0,14.651674
2021-01-22,4.2671084,5.8719454,6.102991,0.0,17.394007
2021-01-23,4.9156218,7.4931784,6.9424934,0.0,17.643808
2021-01-24,5.726037,9.91252,5.4477563,0.0,12.9669895
2021-01-25,4.459576,5.7886553,5.5845428,0.0,16.423573
2021-01-26,4.832951,7.2213,7.6847935,0.0,19.71823
2021-01-27,4.6277676,6.4113865,6.5646815,0.0,17.929419
2021-01-28,4.6242123,6.245781,6.5096292,0.0,17.972118
2021-01-29,3.6242154,4.058921,5.1797504,0.0,18.739456
2021-01-30,4.083543,5.633979,5.4037924,0.0,16.25577
2021-01-31,4.600759,6.5571694,5.491457,0.0,15.608212
2021-02-01,4.058648,5.7292824,4.261471,0.0,13.376246
2021-02-02,3.9128373,5.313774,7.122069,0.0,20.625149
2021-02-03,4.104966,5.433814,6.355428,0.0,19.015644
2021-02-04,3.8344536,4.7818966,6.5731573,0.0,20.683662
2021-02-05,4.180034,5.7103157,7.070501,0.0,20.900085
2021-02-06,4.384579,5.839775,6.3721056,0.0,18.745598
2021-02-07,5.0155125,7.348824,5.4998717,0.0,16.012058
2021-02-08,4.1819057,5.332266,5.961532,0.0,18.86341
2021-02-09,2.9222934,2.0066903,4.746827,0.0,18.437004
2021-02-10,3.7379925,4.675958,5.507502,0.0,18.241161
2021-02-11,3.2842696,3.8617284,3.774089,0.0,14.651369
2021-02-12,3.3868055,4.1518807,5.1289682,0.0,17.87042
2021-02-13,4.2507296,6.6198754,7.0217547,0.0,19.167734
2021-02-14,4.8155627,7.1726213,5.852952,0.0,15.961273
2021-02-15,4.328979,5.4794617,5.2095704,0.0,16.96725
2021-02-16,4.1135287,4.89988,4.227658,0.0,14.357397
2021-02-17,4.0199194,5.24651,5.1476707,0.0,16.929586
2021-02-18,3.9416885,4.952708,4.8652906,0.0,16.681854
2021-02-19,3.8677056,4.5857463,5.385057,0.0,18.9783
2021-02-20,4.021764,5.096223,5.0907555,0.0,17.44227
2021-02-21,4.7043424,7.295992,4.749018,0.0,13.941094
2021-02-22,4.175777,5.7540684,4.393955,0.0,14.815904
2021-02-23,3.3467982,4.239166,3.4084384,0.0,13.970263
2021-02-24,3.709072,4.686369,5.9786906,0.0,19.862701
2021-02-25,4.0491967,5.0620403,5.2344627,0.0,17.996
2021-02-26,4.018171,5.299059,4.68852,0.0,16.242193
2021-02-27,4.723172,7.063499,6.7631493,0.0,18.56593
2021-02-28,5.3719616,8.871971,4.6062927,0.0,12.539088
2021-03-01,4.3099346,6.210606,4.5776663,0.0,14.565767
2021-03-02,4.1978374,5.818323,6.350197,0.0,18.496855
2021-03-03,4.284148,5.9586134,6.22319,0.0,18.801495
2021-03-04,4.432472,6.7634497,5.3982067,0.0,15.27482
2021-03-05,4.5498033,6.6233964,6.202217,0.0,18.031097
2021-03-06,5.337943,8.769219,6.419591,0.0,16.236923
2021-03-07,5.4819856,8.44822,4.71045,0.0,13.626669
2021-03-08,4.990258,7.3413854,5.725419,0.0,16.38914
2021-03-09,4.547803,6.353206,5.4093847,0.0,16.378593
2021-03-10,4.49064,6.5035977,7.1093035,0.0,19.630676
2021-03-11,4.463974,6.5893207,5.3041363,0.0,15.495453
2021-03-12,4.568538,7.0768743,6.597671,0.0,18.507092
2021-03-13,4.7119827,7.871539,5.4264765,0.0,15.25292
2021-03-14,5.013802,8.072414,7.140658,0.0,18.040237
2021-03-15,4.670779,7.4582834,5.8948126,0.0,16.842726
2021-03-16,4.605371,7.026494,6.5230303,0.0,18.457457
2021-03-17,4.5534554,6.957393,5.6466947,0.0,16.547962
2021-03-18,4.2543054,6.658987,6.578164,0.0,19.35185
2021-03-19,4.603209,7.328514,6.56538,0.0,18.496374
2021-03-20,5.2596297,8.873481,6.5102687,0.0,16.790337
2021-03-21,6.792922,13.172348,5.0588527,0.0,12.742882
2021-03-22,4.9938717,7.916356,6.524642,0.0,17.60975
2021-03-23,4.9755588,7.1688,6.5344796,0.0,18.887255
2021-03-24,4.9819913,7.506117,6.503665,0.0,17.90915
2021-03-25,4.8884435,7.077947,6.558211,0.0,18.95975
2021-03-26,4.855876,7.4051156,5.9824696,0.0,16.635588
2021-03-27,5.5763392,9.426184,6.789469,0.0,17.028158
2021-03-28,6.4776015,12.415963,5.8289924,0.0,13.722756
2021-03-29,4.951495,7.462566,6.4263096,0.0,17.434166
2021-03-30,4.72305,7.1384463,6.6926293,0.0,18.564856
2021-03-31,4.725895,7.169919,6.979466,0.0,20.175669
2021-04-01,4.841401,7.518166,6.6756988,0.0,18.119137
2021-04-02,4.8442416,7.5458217,6.490886,0.0,17.452225
2021-04-03,4.923687,7.845249,6.0067477,0.0,15.279205
2021-04-04,6.1159153,11.32169,5.228834,0.0,12.709798
2021-04-05,5.1200423,7.8202405,5.5857306,0.0,16.789017
2021-04-06,4.5381384,5.9758973,5.26969,0.0,17.475836
2021-04-07,4.7642927,6.9064445,6.3985486,0.0,19.16275
2021-04-08,4.784296,7.294407,5.3345447,0.0,15.353141
2021-04-09,4.623207,6.813651,6.401533,0.0,19.030003
2021-04-10,5.0131745,7.7132273,6.387252,0.0,17.557177
2021-04-11,5.9946175,10.547396,5.324157,0.0,13.668928
2021-04-12,4.8671093,7.2351837,5.742176,0.0,16.473999
2021-04-13,4.6055894,6.338776,5.61272,0.0,17.54665
2021-04-14,4.219807,5.786143,4.592252,0.0,16.201382
2021-04-15,4.298004,5.828449,6.6753483,0.0,21.852304
2021-04-16,4.954211,6.3824353,4.086237,0.0,8.974296
2021-04-17,10.938664,9.908486,4.093678,0.0,3.418613
2021-04-18,3.5387602,5.255547,3.258297,0.0,13.121868
2021-04-19,9.352433,9.124612,4.347849,0.0,5.7845726
2021-04-20,2.9681652,4.622441,2.3466578,0.0,14.682648
2021-04-21,5.440283,5.4191074,2.3400004,0.0,8.450701
2021-04-22,2.6554646,3.8526852,1.610837,0.0,13.411628
2021-04-23,3.065713,4.1135178,3.1249912,0.0,14.550165
2021-04-24,4.2928033,6.7459188,4.8865805,0.0,14.953971
2021-04-25,5.621336,10.079573,3.6617858,0.0,10.962708
2021-04-26,4.085733,5.466598,2.82511,0.0,9.6974745
2021-04-27,4.0141964,5.0415335,4.0967274,0.0,15.125745
2021-04-28,4.4403615,6.2716503,4.093659,0.0,14.205367
2021-04-29,4.0429916,5.3483105,2.9763625,0.0,11.928819
2021-04-30,4.249971,5.449812,4.172589,0.0,14.948714
2021-05-01,5.2252827,8.552453,4.6716156,0.0,13.407138
2021-05-02,7.116123,13.853651,4.096633,0.0,12.161033
2021-05-03,5.381682,8.223366,4.8395977,0.0,16.455065
2021-05-04,5.2308335,7.4437704,5.46692,0.0,17.875353
2021-05-05,4.8516417,6.8917837,6.013373,0.0,18.175793
2021-05-06,4.852683,6.953813,6.0219665,0.0,18.807428
2021-05-07,4.878904,6.8944664,5.9463615,0.0,18.187838
2021-05-08,5.6321945,9.563597,5.592475,0.0,15.962852
2021-05-09,6.758005,12.88178,5.077191,0.0,14.237573
2021-05-10,5.3456726,8.577794,6.2787623,0.0,18.848799
2021-05-11,5.225007,8.2398,7.051555,0.0,19.682352
2021-05-12,5.21939,7.7555056,6.3011594,0.0,18.937155
2021-05-13,5.1670794,6.637293,4.606631,0.0,16.113981
2021-05-14,4.969635,6.505198,4.2909,0.0,14.125758
2021-05-15,5.687112,9.010661,3.682757,0.0,11.048106
2021-05-16,6.288163,10.736915,3.5464487,0.0,10.157835
2021-05-17,4.955073,6.1812696,3.7195237,0.0,12.0162945
2021-05-18,6.0409555,8.849631,6.687407,0.0,8.895356
2021-05-19,4.0214915,4.2979097,2.657007,0.0,12.106013
2021-05-20,4.4523554,4.8430123,3.1056216,0.0,8.879772
2021-05-21,4.6632752,6.160949,3.5259688,0.0,9.172064
2021-05-22,5.4056044,7.7672725,3.8749316,0.0,8.645554
2021-05-23,6.1053324,10.221479,1.8489821,0.0,6.744348
2021-05-24,5.039493,6.9526806,2.3410587,0.0,10.316633
2021-05-25,5.2198796,7.6878934,2.8241754,0.0,10.547053
2021-05-26,5.44116,8.002007,3.5725389,0.0,10.295243
2021-05-27,6.175245,9.494768,5.4778457,0.0,8.760944
2021-05-28,5.6112967,7.539912,2.565067,0.0,8.920893
2021-05-29,6.8080325,11.14538,4.846271,0.0,7.4256086
2021-05-30,7.8048153,15.865196,3.2437189,0.0,7.1757264
2021-05-31,6.5810213,12.281742,4.804604,0.0,11.347287
2021-06-01,6.0653715,10.421826,4.6727085,0.0,11.598658
2021-06-02,6.3855987,11.565409,5.5032063,0.0,13.844348
2021-06-03,5.906861,10.121089,5.6022563,0.0,14.1170225
2021-06-04,6.0830336,10.91218,5.2874866,0.0,12.189515
2021-06-05,7.8974733,13.882536,8.614517,0.0,7.7664146
2021-06-06,8.720111,13.217494,8.710861,0.0,5.83864
2021-06-07,6.0423117,9.072804,4.7452364,0.0,11.261118
2021-06-08,5.8377542,8.258704,4.2690024,0.0,12.781247
2021-06-09,7.03549,11.447813,8.586574,0.0,8.909062
2021-06-10,5.548036,8.858719,5.592606,0.0,13.202075
2021-06-11,6.554185,10.656559,6.7148533,0.0,9.635296
2021-06-12,6.8335104,12.992931,4.9602566,0.0,11.027187
2021-06-13,7.853432,14.211232,7.367041,0.0,6.8076057
2021-06-14,6.0075746,10.064178,5.0600853,0.0,12.1519
2021-06-15,5.9274774,9.857652,5.0427237,0.0,12.863004
2021-06-16,5.7660246,9.183445,5.2964263,0.0,13.123193
2021-06-17,6.370785,10.205877,6.803255,0.0,11.490794
2021-06-18,6.82383,11.016524,7.6114035,0.0,9.877537
2021-06-19,10.133498,13.989474,9.801046,0.0,5.602038
2021-06-20,11.677517,15.220411,8.784148,0.0,3.6260405
2021-06-21,7.025867,11.398002,6.911179,0.0,8.045435
2021-06-22,7.647018,10.611057,7.874688,0.0,6.4331837
2021-06-23,6.0950594,9.09532,6.8637257,0.0,10.029939
2021-06-24,6.188182,9.373434,6.530081,0.0,10.291493
2021-06-25,6.4140086,9.481961,5.177599,0.0,8.959824
2021-06-26,9.658995,12.664548,8.525693,0.0,4.8530903
2021-06-27,21.243044,15.528922,9.38339,0.0,0.0
2021-06-28,6.565948,9.642434,8.872871,0.0,8.630596
2021-06-29,7.3559675,11.144449,8.325644,0.0,7.4611497
2021-06-30,7.3384757,10.916033,9.059789,0.0,7.8403945
2021-07-01,5.9710245,8.786501,7.698858,0.0,9.936802
2021-07-02,8.739695,11.127449,6.6204047,0.0,5.046538
2021-07-03,6.310091,11.526246,4.726904,0.0,11.459518
2021-07-04,7.6046886,14.119548,4.0255833,0.0,5.3617997
2021-07-05,6.52473,11.788288,4.3401647,0.0,10.2067
2021-07-06,6.4680777,11.026711,6.371174,0.0,10.463557
2021-07-07,6.8246627,11.412479,7.5498447,0.0,9.695988
2021-07-08,6.438001,7.2366686,7.1596465,0.0,9.424734
2021-07-09,6.4260244,7.5527635,5.6961546,0.0,9.505031
2021-07-10,9.25334,12.682776,9.59069,0.0,5.616405
2021-07-11,10.236503,14.289807,7.673601,0.0,3.7540975
2021-07-12,6.9168973,11.063116,7.2949643,0.0,9.476821
2021-07-13,6.812505,11.341685,7.2256784,0.0,10.356107
2021-07-14,6.717986,10.804788,7.936143,0.0,10.90403
2021-07-15,6.786634,10.685008,6.7283297,0.0,10.342974
2021-07-16,7.15553,10.804638,9.002378,0.0,9.566312
2021-07-17,10.829657,12.898943,10.608295,0.0,4.165842
2021-07-18,13.0645895,15.65919,9.709135,0.0,2.2077477
2021-07-19,6.85527,11.023753,6.4832025,0.0,10.208004
2021-07-20,6.8150277,10.606335,7.2716246,0.0,10.601509
2021-07-21,6.807865,10.559311,7.4045033,0.0,11.285164
2021-07-22,6.945037,10.563269,8.219887,0.0,10.446118
2021-07-23,6.9408975,10.51591,8.637664,0.0,10.50554
2021-07-24,8.063885,13.168736,9.936955,0.0,7.303129
2021-07-25,11.35359,14.593411,10.1442795,0.0,3.8756692
2021-07-26,5.884102,8.296477,5.3842893,0.0,13.652532
2021-07-27,6.245704,3.0121777,4.4564095,0.0,9.437854
2021-07-28,6.208412,5.978781,5.764086,0.0,10.972127
2021-07-29,6.065303,7.888947,6.5697746,0.0,13.268476
2021-07-30,6.299387,9.183807,7.864923,0.0,13.111096
2021-07-31,7.751173,11.425221,9.7472515,0.0,7.929762
2021-08-01,8.440352,10.205617,9.516741,0.0,4.6145
2021-08-02,6.3820558,9.081618,4.4645686,0.0,11.45593
2021-08-03,6.487029,8.590047,7.5086913,0.0,11.547635
2021-08-04,6.554366,9.251459,6.6932564,0.0,11.230071
2021-08-05,6.4989743,9.677061,7.5640435,0.0,12.173565
2021-08-06,6.034742,8.75381,6.319043,0.0,13.5589
2021-08-07,7.6927414,11.603494,9.7319,0.0,8.373493
2021-08-08,8.243673,13.137968,9.6425905,0.0,6.4458284
2021-08-09,6.2376566,9.66416,5.4569564,0.0,12.85302
2021-08-10,6.1420193,9.173548,6.7126184,0.0,13.510729
2021-08-11,6.123404,8.284587,7.067407,0.0,13.244073
2021-08-12,6.4781456,9.528421,7.616016,0.0,12.374996
2021-08-13,6.070037,9.638065,6.000835,0.0,13.967949
2021-08-14,7.928723,12.019813,10.893984,0.0,7.915635
2021-08-15,8.297684,13.896266,8.110168,0.0,6.615555
2021-08-16,6.0387316,8.590396,5.3487444,0.0,13.68388
2021-08-17,6.2651653,9.154114,5.1766047,0.0,13.481121
2021-08-18,6.326112,8.290121,6.055438,0.0,11.859071
2021-08-19,6.2348766,8.388552,5.936127,0.0,12.589317
2021-08-20,5.853729,8.058123,5.7328925,0.0,14.892396
2021-08-21,7.331586,10.335682,8.234911,0.0,9.130187
2021-08-22,8.337002,13.344296,9.427419,0.0,6.3899064
2021-08-23,5.73613,6.6964636,4.750079,0.0,14.006715
2021-08-24,6.2997556,2.4469206,4.4000187,0.0,9.863785
2021-08-25,6.2681932,5.680447,6.166546,0.0,11.451889
2021-08-26,6.4586344,5.2211027,6.4420695,0.0,10.487435
2021-08-27,6.429056,6.335117,6.746988,0.0,11.141028
2021-08-28,7.3381286,8.1547575,8.924133,0.0,7.9679203
2021-08-29,8.223114,9.848051,9.602866,0.0,5.4877462
2021-08-30,6.220596,6.138474,5.4339404,0.0,11.037141
2021-08-31,5.917128,5.8547626,5.2497416,0.0,12.8497095
2021-09-01,5.540323,5.0042067,4.140571,0.0,13.669352
2021-09-02,5.3919053,4.707746,4.026743,0.0,14.785221
2021-09-03,5.672621,6.7734427,5.2106524,0.0,15.325194
2021-09-04,7.0891337,8.924209,8.572033,0.0,9.548696
2021-09-05,7.9529457,11.764667,9.639948,0.0,7.5706635
2021-09-06,5.745262,6.3221965,4.348717,0.0,13.620972
2021-09-07,5.7412744,5.748901,4.7570887,0.0,13.511144
2021-09-08,6.0199175,6.668698,6.0299516,0.0,13.042929
2021-09-09,5.8781304,5.71083,5.135386,0.0,13.22007
2021-09-10,6.4770026,1.5870596,6.4656773,0.0,8.758962
2021-09-11,6.759371,4.93362,5.138544,0.0,7.6750407
2021-09-12,7.71637,7.2087073,8.891347,0.0,5.0012083
2021-09-13,6.3622947,1.6155881,6.274369,0.0,8.530329
2021-09-14,6.100714,0.87069833,6.304601,0.0,9.308445
2021-09-15,5.606098,5.4376483,3.6282167,0.0,13.239168
2021-09-16,5.534477,4.8418913,3.5037134,0.0,13.659618
2021-09-17,5.7635884,6.314363,4.5902004,0.0,13.692977
2021-09-18,7.036764,8.839015,7.504933,0.0,9.575694
2021-09-19,8.071911,11.07968,10.203656,0.0,6.772568
2021-09-20,5.2849355,2.8448784,2.42818,0.0,12.438322
2021-09-21,6.526066,1.2329673,8.158514,0.0,6.8718295
2021-09-22,5.928332,4.132345,5.104682,0.0,11.817151
2021-09-23,6.0971985,5.3721128,5.465806,0.0,12.096709
2021-09-24,5.573602,4.926869,3.7591481,0.0,13.581758
2021-09-25,7.5762577,5.955054,8.666594,0.0,5.7754107
2021-09-26,8.090291,10.479062,9.43376,0.0,6.1741014
2021-09-27,6.2689195,5.7765074,5.5446157,0.0,11.256684
2021-09-28,5.8624783,6.3323846,4.510324,0.0,12.82786
2021-09-29,6.654178,6.5308504,6.825463,0.0,9.931177
2021-09-30,5.488329,4.7204466,4.4547772,0.0,15.786003
2021-10-01,5.7370915,4.7433043,4.31076,0.0,13.173367
2021-10-02,5.9230204,7.0877113,4.3392434,0.0,13.234533
2021-10-03,7.220352,8.095729,7.524688,0.0,8.235772
2021-10-04,5.7244105,5.9142246,3.9523342,0.0,13.630045
2021-10-05,5.2269173,3.476731,4.342201,0.0,16.146963
2021-10-06,6.1480894,4.5133605,5.4591336,0.0,11.310935
2021-10-07,5.121634,3.6524754,4.607279,0.0,17.265936
2021-10-08,5.565748,5.1941924,3.8800771,0.0,13.838958
2021-10-09,6.3653026,8.391598,3.7914083,0.0,12.411974
2021-10-10,7.5368495,10.135675,7.9112124,0.0,8.125617
2021-10-11,5.4558353,4.5662947,3.425182,0.0,13.774199
2021-10-12,5.8044925,6.2452,4.8630977,0.0,13.8387375
2021-10-13,5.6855097,6.4401536,5.0236244,0.0,15.235395
2021-10-14,5.7669835,7.2081943,5.3835683,0.0,15.352713
2021-10-15,5.506194,5.309023,4.3852334,0.0,15.6461315
2021-10-16,5.865148,7.0902143,5.1401415,0.0,14.126689
2021-10-17,7.239995,8.925328,6.937717,0.0,8.552445
2021-10-18,5.5409746,5.095437,3.843586,0.0,14.289759
2021-10-19,5.624412,0.47975534,3.3534765,0.0,13.443341
2021-10-20,5.4658284,3.6469522,3.9408357,0.0,13.660194
2021-10-21,5.3087425,4.2236347,4.9810686,0.0,17.649391
2021-10-22,5.6619034,6.0196147,4.5914435,0.0,15.042403
2021-10-23,7.200078,9.596437,7.6625557,0.0,10.080528
2021-10-24,7.677677,9.771072,9.405113,0.0,7.9901543
2021-10-25,5.8032756,6.5937543,4.971245,0.0,15.791885
2021-10-26,5.6221786,5.8586526,4.680128,0.0,15.475035
2021-10-27,5.709075,6.7783136,5.3235965,0.0,15.588714
2021-10-28,5.746477,6.7588286,5.3970747,0.0,16.66487
2021-10-29,5.6078787,6.302953,5.3724155,0.0,16.722342
2021-10-30,6.3861103,7.2247105,6.2810383,0.0,12.183683
2021-10-31,7.21785,10.210006,5.989504,0.0,9.503542
2021-11-01,5.7364373,6.4260845,5.0847435,0.0,16.25332
2021-11-02,5.677828,6.0002193,4.939646,0.0,16.355213
2021-11-03,5.6770883,6.077307,4.6402655,0.0,15.503144
2021-11-04,5.521413,4.800095,3.771025,0.0,14.917722
2021-11-05,5.4844813,4.61074,3.5976462,0.0,14.715094
2021-11-06,6.9182043,6.2434397,6.9527593,0.0,9.391362
2021-11-07,7.0044117,8.073026,6.6330595,0.0,9.635247
2021-11-08,5.4476132,2.3591175,3.6329572,0.0,12.3939495
2021-11-09,5.066765,2.925057,4.657058,0.0,18.111853
2021-11-10,5.3715725,4.04121,3.8827863,0.0,15.546022
2021-11-11,5.6281595,5.442299,4.39645,0.0,15.659473
2021-11-12,5.7357044,5.365434,4.1993217,0.0,14.219152
2021-11-13,6.8600564,7.6530595,7.606239,0.0,10.720449
2021-11-14,7.2548027,8.694804,8.259311,0.0,9.164613
2021-11-15,5.572574,4.7071314,3.932218,0.0,15.103145
2021-11-16,5.8586893,0.18651083,5.023475,0.0,12.189165
2021-11-17,5.0975695,1.9700955,2.7471287,0.0,13.814101
2021-11-18,5.3502016,2.716568,3.4876997,0.0,13.72141
2021-11-19,5.7013674,4.4271708,4.0509224,0.0,13.798556
2021-11-20,6.6362762,7.0824676,7.069555,0.0,11.2766075
2021-11-21,7.039619,7.925295,6.4557304,0.0,9.239182
2021-11-22,6.02449,5.2573013,5.124656,0.0,13.231254
2021-11-23,6.1392236,5.0841203,5.8050776,0.0,12.950225
2021-11-24,5.279266,3.49817,3.4557915,0.0,14.91445
2021-11-25,5.7102046,3.3709464,4.3704085,0.0,12.96041
2021-11-26,5.4099708,3.4867883,3.6532717,0.0,14.036228
2021-11-27,7.187244,8.40882,9.449706,0.0,10.302241
2021-11-28,7.5061765,8.983423,8.072679,0.0,8.09489
2021-11-29,5.610039,4.8734493,4.367433,0.0,15.08323
2021-11-30,5.828887,4.894317,4.92489,0.0,14.269205
2021-12-01,5.6305184,5.6215224,4.258201,0.0,15.451817
2021-12-02,5.619973,5.4970646,5.344168,0.0,18.286009
2021-12-03,5.6965294,5.9928284,4.496876,0.0,15.412848
2021-12-04,6.120093,5.3436723,4.309721,0.0,11.906199
2021-12-05,7.005272,10.584569,2.9255364,0.0,10.334404
2021-12-06,5.2338686,2.9233873,2.7527683,0.0,13.539451
2021-12-07,5.503749,3.4260778,3.4775586,0.0,13.944827
2021-12-08,6.3118534,5.5839744,5.6446576,0.0,12.0653
2021-12-09,6.102689,7.511022,5.2383666,0.0,16.38413
2021-12-10,6.2725706,7.2531257,6.5536895,0.0,13.774722
2021-12-11,7.361682,9.384292,9.142258,0.0,9.690121
2021-12-12,7.902902,10.523018,10.971156,0.0,8.398804
2021-12-13,5.897866,6.7961063,5.269843,0.0,14.232753
2021-12-14,6.733522,2.2632477,5.197111,0.0,10.236532
2021-12-15,5.7773995,5.6526637,4.0193577,0.0,14.979461
2021-12-16,6.6933537,7.10972,7.4419355,0.0,11.586504
2021-12-17,5.998412,7.386014,4.572274,0.0,13.964654
2021-12-18,6.886754,8.66864,7.4312387,0.0,11.14567
2021-12-19,8.02976,10.604358,10.720235,0.0,7.5782447
2021-12-20,5.9096527,7.0796,4.571884,0.0,14.088885
2021-12-21,5.7583036,7.0750217,5.830967,0.0,16.674292
2021-12-22,5.7909336,6.5456,4.859869,0.0,15.348447
2021-12-23,5.8182445,6.450728,5.12667,0.0,15.452507
2021-12-24,6.1535234,7.9370904,4.7062054,0.0,14.249789
2021-12-25,7.5334826,11.612784,5.334505,0.0,9.687554
2021-12-26,8.068241,11.13298,9.130387,0.0,7.6662464
2021-12-27,6.157671,7.5803795,3.9402704,0.0,13.115597
2021-12-28,5.8984475,6.693803,4.099416,0.0,14.782683
2021-12-29,5.842659,6.258598,4.167847,0.0,15.541467
2021-12-30,6.2176995,7.402,4.5577064,0.0,12.550365
2021-12-31,6.131035,7.5113025,4.389704,0.0,15.134531
2022-01-01,9.981773,12.071835,10.25211,0.0,5.351389
2022-01-02,8.228793,11.663331,9.897799,0.0,7.0033956
2022-01-03,6.6249995,7.748678,4.9827514,0.0,10.960212
2022-01-04,5.8985233,6.714012,4.7832603,0.0,14.215663
2022-01-05,5.7041907,5.3403444,3.3786707,0.0,13.8372555
2022-01-06,6.0353913,6.070493,4.574876,0.0,13.307273
2022-01-07,6.028267,6.3795547,4.1575403,0.0,12.899896
2022-01-08,7.3172307,9.312716,7.9772267,0.0,9.734965
2022-01-09,7.839549,10.118035,9.685272,0.0,8.2446575
2022-01-10,5.935655,6.542473,4.2928386,0.0,13.856158
2022-01-11,6.209319,2.3521798,3.9751663,0.0,11.425007
2022-01-12,5.887005,4.738553,3.8037848,0.0,13.026918
2022-01-13,6.1342983,5.461028,4.995883,0.0,13.291718
2022-01-14,5.928481,5.9050136,4.028571,0.0,13.853019
2022-01-15,7.1744804,7.1186824,7.786591,0.0,9.636257
2022-01-16,7.581704,7.9233093,8.79583,0.0,8.155319
2022-01-17,6.148111,6.510221,4.475574,0.0,12.885671
2022-01-18,6.4370456,5.7658124,5.7893653,0.0,12.113247
2022-01-19,6.2018795,6.3832293,5.2962613,0.0,13.418513
2022-01-20,6.1853127,6.6684337,5.4472923,0.0,13.833182
2022-01-21,5.593326,3.8582387,3.068152,0.0,13.381779
2022-01-22,5.898157,2.9383104,2.736305,0.0,10.841422
2022-01-23,7.7169075,5.8542433,8.116196,0.0,5.9092526
2022-01-24,6.0329423,2.6586988,3.5508807,0.0,11.457858
2022-01-25,6.4069643,3.7748952,5.1219707,0.0,10.758198
2022-01-26,6.5085926,6.0353737,6.2302055,0.0,11.753123
2022-01-27,6.418599,6.262504,5.570585,0.0,11.966811
2022-01-28,6.1340475,5.6754937,4.482616,0.0,13.053949
2022-01-29,7.01264,7.184158,7.1778264,0.0,9.886897
2022-01-30,7.6970053,8.982681,7.49997,0.0,8.0527725
2022-01-31,5.9629927,6.1403613,3.6832974,0.0,13.993735
2022-02-01,5.928956,6.090737,3.9612527,0.0,14.840523
2022-02-02,5.881158,6.608597,4.5428343,0.0,14.71835
2022-02-03,6.271068,6.690318,5.465571,0.0,13.308781
2022-02-04,6.7713995,6.0253468,6.387585,0.0,10.768438
2022-02-05,6.269771,6.80755,5.214835,0.0,13.024243
2022-02-06,7.2343116,9.831683,5.188663,0.0,9.702444
2022-02-07,6.3651958,5.1502748,5.1268415,0.0,11.666506
2022-02-08,6.189813,0.6978363,5.904191,0.0,10.825071
2022-02-09,5.683879,3.6784537,2.9475634,0.0,12.449706
2022-02-10,5.5348377,3.7769635,2.3427603,0.0,12.885856
2022-02-11,5.9873967,6.2593026,3.478047,0.0,13.613076
2022-02-12,7.5008564,11.417015,3.545568,0.0,12.79873
2022-02-13,7.5603514,8.981798,7.4824476,0.0,8.28873
2022-02-14,6.62687,6.57463,5.984766,0.0,11.266565
2022-02-15,5.948944,6.607787,4.332144,0.0,14.694478
2022-02-16,6.331797,6.1457286,5.583007,0.0,12.835686
2022-02-17,6.3948755,6.658162,5.456069,0.0,12.483581
2022-02-18,6.3099647,6.278938,5.0528984,0.0,12.867277
2022-02-19,7.373735,9.155854,6.821445,0.0,9.408789
2022-02-20,8.063309,9.303285,9.302682,0.0,6.862461
2022-02-21,6.853383,5.4160013,5.6208816,0.0,9.489509
2022-02-22,6.5148973,5.2722554,5.4602923,0.0,11.473502
2022-02-23,6.808811,7.192375,7.174733,0.0,11.391443
2022-02-24,6.2436996,5.6674256,4.2563314,0.0,12.2482
2022-02-25,6.3025017,5.66056,4.7779264,0.0,12.580462
2022-02-26,7.475944,9.01068,8.051817,0.0,9.233907
2022-02-27,7.7371244,9.585744,8.815879,0.0,8.635604
2022-02-28,6.0642424,5.4003887,4.1289735,0.0,13.526954
2022-03-01,5.5442424,4.0946174,3.0806818,0.0,14.575113
2022-03-02,5.739453,5.969689,4.2632804,0.0,15.978966
2022-03-03,5.779107,5.660726,3.3222024,0.0,13.969283
2022-03-04,6.153505,6.6225004,4.738224,0.0,13.43827
2022-03-05,7.417792,9.619262,8.711391,0.0,10.192642
2022-03-06,7.923925,10.457214,8.723383,0.0,8.059942
2022-03-07,6.451334,6.91705,5.64952,0.0,12.512712
2022-03-08,6.94117,2.796058,5.229579,0.0,9.6852
2022-03-09,6.5458937,2.6643329,4.343922,0.0,10.992811
2022-03-10,5.928853,4.6423454,3.3803067,0.0,12.661944
2022-03-11,6.6055317,6.2668247,5.8152685,0.0,11.691489
2022-03-12,7.3831644,8.311293,8.134412,0.0,9.513694
2022-03-13,7.893885,9.016243,8.947086,0.0,7.624039
2022-03-14,6.425273,5.771337,5.1516747,0.0,12.120781
2022-03-15,6.3117943,6.537175,5.2749166,0.0,13.16802
2022-03-16,5.814544,5.3168306,3.5449402,0.0,14.352207
2022-03-17,5.755157,5.3611565,3.5045104,0.0,14.92335
2022-03-18,6.150889,6.860364,4.489299,0.0,13.916233
2022-03-19,6.8181844,7.226326,6.4971766,0.0,11.377365
2022-03-20,7.953582,10.714349,9.1931505,0.0,8.539268
2022-03-21,6.4142,5.529596,4.9329543,0.0,12.049153
2022-03-22,6.4431033,6.7061014,5.9395914,0.0,12.919959
2022-03-23,6.171799,6.915797,4.810673,0.0,13.693079
2022-03-24,6.3223033,6.718606,5.3940544,0.0,13.11593
2022-03-25,5.7122355,5.121502,3.7639964,0.0,15.618197
2022-03-26,7.228989,8.062041,8.0050335,0.0,10.097451
2022-03-27,7.578414,8.808057,8.251532,0.0,8.962333
2022-03-28,5.652024,4.412729,3.5362651,0.0,15.098892
2022-03-29,6.118453,5.198609,4.866946,0.0,14.084202
2022-03-30,6.3449125,6.6382356,5.758514,0.0,13.523076
2022-03-31,6.103949,5.897875,4.9768877,0.0,13.99248
2022-04-01,5.8760276,6.4094863,4.3219614,0.0,15.533055
2022-04-02,6.424024,6.3514905,4.9837966,0.0,12.450872
2022-04-03,7.505044,9.2239685,8.665812,0.0,9.759111
2022-04-04,6.0996737,6.5614705,4.7373714,0.0,14.345889
2022-04-05,6.7921042,2.9899132,4.8556905,0.0,10.875053
