date,Twitter Sentiment score
06/04/22,0.31
05/04/22,0.43
04/04/22,0.32
03/04/22,0.136363636
02/04/22,0.4
01/04/22,0.468181818
31/03/22,0.75
30/03/22,0.2
29/03/22,0.66
28/03/22,0.625
27/03/22,0.136363636
26/03/22,0.1
25/03/22,0
24/03/22,0
23/03/22,0
22/03/22,0.16
21/03/22,0.318181818
20/03/22,0.0625
19/03/22,0.75
18/03/22,0
17/03/22,0
16/03/22,0.25
15/03/22,0
14/03/22,0
13/03/22,0.136363636
12/03/22,0.268181818
11/03/22,0.133928571
10/03/22,0
09/03/22,0.05
08/03/22,0
07/03/22,-0.25
06/03/22,0.75
05/03/22,0.5
04/03/22,0.0625
03/03/22,-0.1
02/03/22,0
01/03/22,0.05
28/02/22,0
27/02/22,0.4
26/02/22,-0.3
25/02/22,0
24/02/22,0
23/02/22,-0.15
22/02/22,0
21/02/22,0
20/02/22,0.0625
19/02/22,0.75
18/02/22,0.75
17/02/22,0.068181818
16/02/22,0
15/02/22,0
14/02/22,0
13/02/22,0
12/02/22,0
11/02/22,0.05
10/02/22,0.4
09/02/22,0
08/02/22,0.0625
07/02/22,-0.071428571
06/02/22,0
05/02/22,0
04/02/22,0
03/02/22,0
02/02/22,-0.071428571
01/02/22,0
31/01/22,0
30/01/22,0.0625
29/01/22,0
28/01/22,0
27/01/22,0
26/01/22,0.112121212
25/01/22,0
24/01/22,0
23/01/22,0.136363636
22/01/22,-0.155555556
21/01/22,0.525
20/01/22,0
19/01/22,0.75
18/01/22,0.7
17/01/22,0.286666667
16/01/22,0
15/01/22,0
14/01/22,0.0625
13/01/22,0.193181818
12/01/22,0
11/01/22,0.05
10/01/22,0
09/01/22,0.35
08/01/22,0
07/01/22,0.108333333
06/01/22,0.136363636
05/01/22,-0.015277778
04/01/22,0
03/01/22,0
02/01/22,0
01/01/22,0
31/12/21,-0.077777778
30/12/21,-0.05
29/12/21,0
28/12/21,0.05
27/12/21,0.15
26/12/21,0.027777778
25/12/21,0.193181818
24/12/21,0
23/12/21,0.025
22/12/21,0
21/12/21,0.05
20/12/21,0
19/12/21,0.0625
18/12/21,0
17/12/21,0
16/12/21,0.086111111
15/12/21,0.24
14/12/21,0.35
13/12/21,0.48
12/12/21,0.44
11/12/21,0.8
10/12/21,0.4
09/12/21,-0.155555556
08/12/21,0.0625
07/12/21,0.244318182
06/12/21,0.133928571
05/12/21,0.0625
04/12/21,0
03/12/21,0.136363636
02/12/21,0
01/12/21,0.4375
30/11/21,0.068181818
29/11/21,0
28/11/21,0.086111111
27/11/21,0
26/11/21,0.6
25/11/21,-0.025
24/11/21,0.6
23/11/21,0
22/11/21,0.91
21/11/21,0
20/11/21,0
19/11/21,0.4
18/11/21,0
17/11/21,0.318181818
16/11/21,0
15/11/21,0.255555556
14/11/21,0.136363636
13/11/21,0.136363636
12/11/21,0.25
11/11/21,0.0625
10/11/21,0
09/11/21,0
08/11/21,0.136363636
07/11/21,0
06/11/21,0
05/11/21,0.35
04/11/21,0
03/11/21,0.05
02/11/21,0.25
01/11/21,0
31/10/21,0
30/10/21,0.25
29/10/21,-0.155555556
28/10/21,0.16
27/10/21,0
26/10/21,0
25/10/21,0
24/10/21,0
23/10/21,0.136363636
22/10/21,0
21/10/21,0
20/10/21,0
19/10/21,0
18/10/21,0
17/10/21,0.35
16/10/21,0.0625
15/10/21,0.086111111
14/10/21,-0.138888889
13/10/21,0
12/10/21,0.165714286
11/10/21,0
10/10/21,0
09/10/21,-0.166666667
08/10/21,0
07/10/21,0
06/10/21,0
05/10/21,0
04/10/21,0.6
03/10/21,0
02/10/21,0
01/10/21,0
30/09/21,0
29/09/21,0.55
28/09/21,0.116666667
27/09/21,0.133333333
26/09/21,0
25/09/21,0.325
24/09/21,0.5
23/09/21,0.286666667
22/09/21,0
21/09/21,0
20/09/21,0.083333333
19/09/21,0
18/09/21,0
17/09/21,0
16/09/21,0
15/09/21,0.268181818
14/09/21,0.25
13/09/21,0
12/09/21,0
11/09/21,0
10/09/21,0
09/09/21,0
08/09/21,-0.071428571
07/09/21,0
06/09/21,0.407272727
05/09/21,0
04/09/21,0.25
03/09/21,0
02/09/21,0.108333333
01/09/21,0.086111111
31/08/21,0
30/08/21,0.25
29/08/21,0.75
28/08/21,0
27/08/21,0
26/08/21,0
25/08/21,0
24/08/21,0.136363636
23/08/21,0.0625
22/08/21,0
21/08/21,0.136363636
20/08/21,0.35
19/08/21,0.136363636
18/08/21,0
17/08/21,0
16/08/21,-0.15
15/08/21,0.25
14/08/21,0
13/08/21,0
12/08/21,0.133928571
11/08/21,-0.025
10/08/21,0.0625
09/08/21,0
08/08/21,0.164285714
07/08/21,0
06/08/21,0
05/08/21,0.0625
04/08/21,0
03/08/21,-0.2
02/08/21,0.025
01/08/21,-0.25
31/07/21,0.136363636
30/07/21,0.136363636
29/07/21,0.218181818
28/07/21,0.05
27/07/21,0
26/07/21,0
25/07/21,0
24/07/21,-0.155555556
23/07/21,0
22/07/21,0
21/07/21,0
20/07/21,0.2
19/07/21,0
18/07/21,0.3
17/07/21,0
16/07/21,0
15/07/21,0.7
14/07/21,0
13/07/21,-0.033333333
12/07/21,0
11/07/21,0
10/07/21,0
09/07/21,-0.033333333
08/07/21,0
07/07/21,0.2
06/07/21,-0.020833333
05/07/21,0.0625
04/07/21,0
03/07/21,0.75
02/07/21,0
01/07/21,0.15625
30/06/21,0
29/06/21,0.15625
28/06/21,0.2
27/06/21,0.15
26/06/21,0
25/06/21,0
24/06/21,0
23/06/21,0
22/06/21,0
21/06/21,-0.12037037
20/06/21,0.568181818
19/06/21,0.136363636
18/06/21,0
17/06/21,0
16/06/21,0
15/06/21,0.4
14/06/21,0
13/06/21,0.15
12/06/21,0.0625
11/06/21,0.2
10/06/21,0.125
09/06/21,0
08/06/21,0.033333333
07/06/21,0.275
06/06/21,0
05/06/21,0
04/06/21,0
03/06/21,0.35
02/06/21,0.05
01/06/21,0
31/05/21,0
30/05/21,0.227272727
29/05/21,-0.033333333
28/05/21,0
27/05/21,0
26/05/21,0
25/05/21,0.136363636
24/05/21,0
23/05/21,0.4
22/05/21,0
21/05/21,0.034090909
20/05/21,0.6
19/05/21,0.05
18/05/21,0.178787879
17/05/21,0
16/05/21,0
15/05/21,0.16
14/05/21,0
13/05/21,0.136363636
12/05/21,0.248148148
11/05/21,0.05
10/05/21,0.25
09/05/21,0
08/05/21,-0.2
07/05/21,0
06/05/21,-0.133333333
05/05/21,0.25
04/05/21,-0.05
03/05/21,0.4
02/05/21,0
01/05/21,0
30/04/21,0
29/04/21,-0.155555556
28/04/21,0.05
27/04/21,0.0625
26/04/21,0.0625
25/04/21,-0.138888889
24/04/21,-0.3
23/04/21,0
22/04/21,-0.071428571
21/04/21,0
20/04/21,0.75
19/04/21,0.4
18/04/21,-0.033333333
17/04/21,0.75
16/04/21,0
15/04/21,0.4
14/04/21,0
13/04/21,0
12/04/21,0.233333333
11/04/21,0.116666667
10/04/21,0
09/04/21,0
08/04/21,0.0625
07/04/21,0
06/04/21,0
05/04/21,0
04/04/21,0.318181818
03/04/21,0
02/04/21,0
01/04/21,0
31/03/21,0
30/03/21,0
29/03/21,0
28/03/21,0.318181818
27/03/21,0
26/03/21,0.025
25/03/21,-0.025
24/03/21,0.136363636
23/03/21,0.133928571
22/03/21,0
21/03/21,0
20/03/21,0
19/03/21,0
18/03/21,0.053571429
17/03/21,0
16/03/21,0
15/03/21,0.136363636
14/03/21,0
13/03/21,0.068181818
12/03/21,0.108333333
11/03/21,0.248148148
10/03/21,0.2375
09/03/21,0
08/03/21,0
07/03/21,0
06/03/21,0
05/03/21,0.357142857
04/03/21,0
03/03/21,-0.583333333
02/03/21,0
01/03/21,0.025
28/02/21,0
27/02/21,0
26/02/21,-0.4
25/02/21,0.1
24/02/21,0
23/02/21,0.5
22/02/21,0.0625
21/02/21,0
20/02/21,0.05
19/02/21,0.25
18/02/21,0.068181818
17/02/21,0
16/02/21,0
15/02/21,0
14/02/21,0.25
13/02/21,-0.031818182
12/02/21,0.318181818
11/02/21,0
10/02/21,0
09/02/21,0.15625
08/02/21,0.136363636
07/02/21,0
06/02/21,0.2
05/02/21,0.15
04/02/21,0.136363636
03/02/21,0
02/02/21,0
01/02/21,0
31/01/21,0
30/01/21,0
29/01/21,-0.033333333
28/01/21,0.75
27/01/21,0
26/01/21,0
25/01/21,0.3
24/01/21,0
23/01/21,0.25
22/01/21,0.0625
21/01/21,0
20/01/21,0.286666667
19/01/21,0
18/01/21,0
17/01/21,0.0625
16/01/21,0
15/01/21,0
14/01/21,-0.4
13/01/21,0
12/01/21,0
11/01/21,0.136363636
10/01/21,0.133928571
09/01/21,0.05
08/01/21,0.2
07/01/21,0.243181818
06/01/21,-0.1
05/01/21,0.033333333
04/01/21,0.108333333
03/01/21,0.0625
02/01/21,0.25
01/01/21,-0.4
31/12/20,0.3
30/12/20,0
29/12/20,0.0625
28/12/20,0.7
27/12/20,0.5
26/12/20,0.5
25/12/20,0.318181818
24/12/20,0.6
23/12/20,0
22/12/20,0
21/12/20,0
20/12/20,0.2
19/12/20,0.0625
18/12/20,-0.2
17/12/20,0.318181818
16/12/20,0
15/12/20,-0.033333333
14/12/20,0
13/12/20,0
12/12/20,-0.033333333
11/12/20,-0.2
10/12/20,0.25
09/12/20,0
08/12/20,0.16
07/12/20,-0.4
06/12/20,0.286666667
05/12/20,0.136363636
04/12/20,0.25
03/12/20,-0.155555556
02/12/20,0.136363636
01/12/20,0.0625
30/11/20,0
29/11/20,0
28/11/20,0
27/11/20,0
26/11/20,0.136363636
25/11/20,0
24/11/20,0.136363636
23/11/20,-0.4
22/11/20,-0.138888889
21/11/20,0
20/11/20,0.133928571
19/11/20,0.116666667
18/11/20,0
17/11/20,-0.4
16/11/20,0.75
15/11/20,0
14/11/20,-0.4
13/11/20,0.05
12/11/20,0
11/11/20,0
10/11/20,0.0625
09/11/20,0.108333333
08/11/20,-0.4
07/11/20,0
06/11/20,0.4
05/11/20,0.25
04/11/20,0
03/11/20,0.184090909
02/11/20,-0.4
01/11/20,0
31/10/20,0
30/10/20,0
29/10/20,0.25
28/10/20,0.043232323
27/10/20,0
26/10/20,0.25
25/10/20,0.4
24/10/20,0
23/10/20,-0.4
22/10/20,0
21/10/20,0
20/10/20,-0.166666667
19/10/20,0.05
18/10/20,0.25
17/10/20,0.4
16/10/20,0
15/10/20,0.032467532
14/10/20,0
13/10/20,0
12/10/20,0.0625
11/10/20,0.108333333
10/10/20,0.25
09/10/20,-0.4
08/10/20,0.4
07/10/20,0
06/10/20,0
05/10/20,-0.4
04/10/20,0.75
03/10/20,0.2
02/10/20,0
01/10/20,-0.4
30/09/20,0
29/09/20,-0.138888889
28/09/20,0
27/09/20,0
26/09/20,0
25/09/20,0
24/09/20,0
23/09/20,-0.308333333
22/09/20,-0.4
21/09/20,0.2
20/09/20,0.116666667
19/09/20,0
18/09/20,0.108333333
17/09/20,-0.078125
16/09/20,0.16
15/09/20,0
14/09/20,0
13/09/20,0.468181818
12/09/20,0
11/09/20,-0.4
10/09/20,0
09/09/20,0
08/09/20,0.285714286
07/09/20,0.4
06/09/20,0.25
05/09/20,0
04/09/20,-0.1
03/09/20,0.1
02/09/20,0.5
01/09/20,-0.155555556
31/08/20,0.244318182
30/08/20,-0.4
29/08/20,0.104761905
28/08/20,0.076190476
27/08/20,0.185416667
26/08/20,0.6
25/08/20,0
24/08/20,0
23/08/20,0
22/08/20,-0.4
21/08/20,0.6
20/08/20,0.0625
19/08/20,0.35
18/08/20,-0.4
17/08/20,0.209090909
16/08/20,0.318181818
15/08/20,0
14/08/20,0.136363636
13/08/20,0
12/08/20,0
11/08/20,0.136363636
10/08/20,0
09/08/20,-0.4
08/08/20,0.136363636
07/08/20,0.133928571
06/08/20,0.25
05/08/20,-0.15
04/08/20,0.1
03/08/20,-0.071428571
02/08/20,0.5
01/08/20,-0.4
31/07/20,0.033333333
30/07/20,0
29/07/20,0
28/07/20,0
27/07/20,0
26/07/20,0
25/07/20,-0.155555556
24/07/20,0
23/07/20,-0.4
22/07/20,0
21/07/20,0.095238095
20/07/20,0
19/07/20,-0.8
18/07/20,0
17/07/20,0
16/07/20,-0.1
15/07/20,0
14/07/20,0.75
13/07/20,-0.035714286
12/07/20,0
11/07/20,0
10/07/20,0.0625
09/07/20,0
08/07/20,0
07/07/20,0.05
06/07/20,0
05/07/20,0.261904762
04/07/20,0
03/07/20,0
02/07/20,0.25
01/07/20,0.5
30/06/20,0.6
29/06/20,0
28/06/20,0
27/06/20,0.333333333
26/06/20,0.108333333
25/06/20,0
24/06/20,0.25
23/06/20,0
22/06/20,0.286666667
21/06/20,-0.1
20/06/20,0.25
19/06/20,0.068181818
18/06/20,0
17/06/20,0
16/06/20,0
15/06/20,0.136363636
14/06/20,0
13/06/20,0.268181818
12/06/20,-0.1
11/06/20,0
10/06/20,0
09/06/20,0
08/06/20,0.075
07/06/20,0.068181818
06/06/20,-0.138888889
05/06/20,0
04/06/20,0
03/06/20,0
02/06/20,0.068181818
01/06/20,0
31/05/20,0.4
30/05/20,0.116666667
29/05/20,0.1875
28/05/20,0.15
27/05/20,0.4
26/05/20,0.125
25/05/20,0
24/05/20,0
23/05/20,0
22/05/20,0.125
21/05/20,0
20/05/20,0
19/05/20,0
18/05/20,0
17/05/20,0
16/05/20,0.25
15/05/20,0
14/05/20,0
13/05/20,0.068181818
12/05/20,0
11/05/20,0
10/05/20,0.25
09/05/20,-0.291666667
08/05/20,0.35
07/05/20,0
06/05/20,0
05/05/20,0.1
04/05/20,0
03/05/20,0
02/05/20,-0.138888889
01/05/20,0
30/04/20,0
29/04/20,0
28/04/20,0.75
27/04/20,0.116666667
26/04/20,0.7
25/04/20,0.35
24/04/20,0.016666667
23/04/20,0
22/04/20,0.2
21/04/20,0.108333333
20/04/20,0
19/04/20,0.5
18/04/20,0
17/04/20,0.136363636
16/04/20,0
15/04/20,0.118181818
14/04/20,0
13/04/20,0.4
12/04/20,0
11/04/20,0
10/04/20,0.4375
09/04/20,0.136363636
08/04/20,0
07/04/20,0.2
06/04/20,0.5
05/04/20,0.2
04/04/20,0.75
03/04/20,0.4
02/04/20,0
01/04/20,0.090909091
31/03/20,0
30/03/20,-0.035714286
29/03/20,0
28/03/20,0.033333333
27/03/20,0
26/03/20,0
25/03/20,0
24/03/20,0.5
23/03/20,0
22/03/20,0.6
21/03/20,0
20/03/20,-0.035714286
19/03/20,0
18/03/20,0.066666667
17/03/20,-0.071428571
16/03/20,0
15/03/20,0
14/03/20,0
13/03/20,0
12/03/20,0
11/03/20,0
10/03/20,0.025
09/03/20,0
08/03/20,0.136363636
07/03/20,0
06/03/20,0
05/03/20,0.25
04/03/20,0
03/03/20,0
02/03/20,0
01/03/20,0.8
29/02/20,0.136363636
28/02/20,0.0625
27/02/20,0
26/02/20,0.3
25/02/20,0
24/02/20,0
23/02/20,0
22/02/20,0.8
21/02/20,0
20/02/20,-0.214285714
19/02/20,0
18/02/20,0.4
17/02/20,0.3
16/02/20,0.318181818
15/02/20,0.35
14/02/20,0
13/02/20,0.0625
12/02/20,-0.208333333
11/02/20,-0.155555556
10/02/20,0
09/02/20,0.3
08/02/20,0
07/02/20,0.053571429
06/02/20,0
05/02/20,0.141666667
04/02/20,0
03/02/20,0.25
02/02/20,0
01/02/20,0.25
31/01/20,0.2
30/01/20,0
29/01/20,0.2875
28/01/20,0.25
27/01/20,0
26/01/20,-0.3
25/01/20,0
24/01/20,0
23/01/20,-0.033333333
22/01/20,0.136363636
21/01/20,0
20/01/20,0
19/01/20,0.136363636
18/01/20,0.45
17/01/20,0.25
16/01/20,0.136363636
15/01/20,0
14/01/20,0.0625
13/01/20,-0.331818182
12/01/20,0.5
11/01/20,0
10/01/20,0
09/01/20,0.083333333
08/01/20,0
07/01/20,0
06/01/20,0.012121212
05/01/20,0.2
04/01/20,0.218181818
03/01/20,0.2
02/01/20,0.4
01/01/20,0
31/12/19,0.285714286
30/12/19,0.5
29/12/19,0
28/12/19,0
27/12/19,0.2
26/12/19,0
25/12/19,-0.15
24/12/19,-0.033333333
23/12/19,0.468181818
22/12/19,-0.1
21/12/19,0.25
20/12/19,-0.291666667
19/12/19,0.108333333
18/12/19,0
17/12/19,0.066666667
16/12/19,0
15/12/19,0.8
14/12/19,0.5
13/12/19,0
12/12/19,0
11/12/19,0
10/12/19,0
09/12/19,0
08/12/19,0.2
07/12/19,0.4
06/12/19,0.05
05/12/19,0.318181818
04/12/19,0.42
03/12/19,0
02/12/19,0.1875
01/12/19,0.05
30/11/19,0.033333333
29/11/19,0
28/11/19,0
27/11/19,0
26/11/19,0.25
25/11/19,0.333333333
24/11/19,0
23/11/19,0
22/11/19,0.233333333
21/11/19,0.268181818
20/11/19,0.25
19/11/19,0.75
18/11/19,0
17/11/19,-0.5
16/11/19,0
15/11/19,0
14/11/19,0
13/11/19,0.75
12/11/19,0.233333333
11/11/19,0.4
10/11/19,0.318181818
09/11/19,0
08/11/19,0.0625
07/11/19,0
06/11/19,0
05/11/19,0.2
04/11/19,0
03/11/19,0.1875
02/11/19,0.166666667
01/11/19,0.35
31/10/19,0.418181818
30/10/19,0.75
29/10/19,0
28/10/19,0.136363636
27/10/19,0
26/10/19,0.4
25/10/19,-0.583333333
24/10/19,0
23/10/19,0
22/10/19,0.133928571
21/10/19,0
20/10/19,0
19/10/19,0.75
18/10/19,0
17/10/19,-0.05
16/10/19,0.366666667
15/10/19,0.068181818
14/10/19,0.0625
13/10/19,0.318181818
12/10/19,0.75
11/10/19,0.5
10/10/19,0
09/10/19,0.4
08/10/19,0
07/10/19,0
06/10/19,0
05/10/19,0.05
04/10/19,0
03/10/19,0
02/10/19,0
01/10/19,0
30/09/19,0.4
29/09/19,0
28/09/19,0
27/09/19,0
26/09/19,0.318181818
25/09/19,0.5
24/09/19,0.2
23/09/19,0.3
22/09/19,0
21/09/19,0
20/09/19,0
19/09/19,-0.033333333
18/09/19,0
17/09/19,0
16/09/19,0
15/09/19,0
14/09/19,0
13/09/19,0.05
12/09/19,0.5
11/09/19,0
10/09/19,0
09/09/19,0.5
08/09/19,0.1875
07/09/19,0
06/09/19,0
05/09/19,0.086111111
04/09/19,0
03/09/19,0.05
02/09/19,0.05
01/09/19,0.25
31/08/19,0
30/08/19,0.136363636
29/08/19,0
28/08/19,0.068181818
27/08/19,0.244318182
26/08/19,0
25/08/19,0
24/08/19,-0.031818182
23/08/19,0
22/08/19,0
21/08/19,-0.05
20/08/19,0.25
19/08/19,0.2
18/08/19,0
17/08/19,0
16/08/19,0
15/08/19,0.033333333
14/08/19,0.136363636
13/08/19,0
12/08/19,0
11/08/19,0.75
10/08/19,0.525
09/08/19,0.0625
08/08/19,0.268181818
07/08/19,0.0625
06/08/19,0
05/08/19,0
04/08/19,0
03/08/19,0
02/08/19,0.068181818
01/08/19,0.318181818
31/07/19,0.05
30/07/19,0.5
29/07/19,0
28/07/19,0
27/07/19,0
26/07/19,0.0625
25/07/19,0
24/07/19,0.136363636
23/07/19,0
22/07/19,0
21/07/19,0
20/07/19,0
19/07/19,0
18/07/19,0.1
17/07/19,0
16/07/19,-0.8
15/07/19,0.136363636
14/07/19,0
13/07/19,0.318181818
12/07/19,0
11/07/19,0.35
10/07/19,0
09/07/19,0.375
08/07/19,0
07/07/19,-0.025
06/07/19,0
05/07/19,-0.033333333
04/07/19,0
03/07/19,0
02/07/19,0.243181818
01/07/19,0
30/06/19,0.218181818
29/06/19,0.35
28/06/19,0
27/06/19,0.6
26/06/19,0
25/06/19,0
24/06/19,0.35
23/06/19,0
22/06/19,0
21/06/19,0
20/06/19,0.108333333
19/06/19,0
18/06/19,0.136363636
17/06/19,0.166666667
16/06/19,0.5
15/06/19,0
14/06/19,0.136363636
13/06/19,0
12/06/19,0.6
11/06/19,0
10/06/19,0
09/06/19,0
08/06/19,0.4
07/06/19,0
06/06/19,0
05/06/19,0
04/06/19,0
03/06/19,0.7
02/06/19,0
01/06/19,0.25
31/05/19,0
30/05/19,-0.4
29/05/19,0.55
28/05/19,0
27/05/19,0
26/05/19,0.75
25/05/19,0
24/05/19,0.16
23/05/19,0
22/05/19,0
21/05/19,0
20/05/19,0.4
19/05/19,0
18/05/19,0
17/05/19,0
16/05/19,-0.5
15/05/19,0.25
14/05/19,0
13/05/19,0
12/05/19,0.4
11/05/19,0
10/05/19,-0.155555556
09/05/19,0.318181818
08/05/19,0.033333333
07/05/19,0.136363636
06/05/19,0.375
05/05/19,0
04/05/19,0.2
03/05/19,0.1
02/05/19,0
01/05/19,0
30/04/19,0
29/04/19,0.25
28/04/19,0
27/04/19,0.125
26/04/19,0.0625
25/04/19,0
24/04/19,0.7
23/04/19,0.671666667
22/04/19,0
21/04/19,0.214285714
20/04/19,0
19/04/19,0.136363636
18/04/19,0
17/04/19,0.0625
16/04/19,0.4
15/04/19,0
14/04/19,0
13/04/19,0.4
12/04/19,0
11/04/19,0
10/04/19,0
09/04/19,0.4
08/04/19,0
07/04/19,-0.025
06/04/19,0.25
05/04/19,0.4
04/04/19,0.0625
03/04/19,0
02/04/19,0
01/04/19,0.101010101
31/03/19,0.1875
30/03/19,0
29/03/19,0.136363636
28/03/19,0
27/03/19,0.1
26/03/19,0.4
25/03/19,0.1
24/03/19,-0.8
23/03/19,-0.071428571
22/03/19,0.375
21/03/19,0.108333333
20/03/19,0
19/03/19,-0.071428571
18/03/19,0
17/03/19,0.375
16/03/19,0
15/03/19,0.4
14/03/19,-0.035714286
13/03/19,0
12/03/19,0
11/03/19,0.466666667
10/03/19,0
09/03/19,0
08/03/19,0
07/03/19,0
06/03/19,0
05/03/19,0
04/03/19,0.116666667
03/03/19,0
02/03/19,0
01/03/19,-0.1
28/02/19,0.268181818
27/02/19,-0.155555556
26/02/19,0.285714286
25/02/19,0.35
24/02/19,0.0625
23/02/19,0
22/02/19,0.043181818
21/02/19,0
20/02/19,0
19/02/19,0.083333333
18/02/19,0
17/02/19,0
16/02/19,0.183333333
15/02/19,0
14/02/19,0.6
13/02/19,0.4
12/02/19,0.75
11/02/19,0
10/02/19,0.1
09/02/19,0.136363636
08/02/19,0
07/02/19,0
06/02/19,0.7
05/02/19,0.25
04/02/19,0
03/02/19,0
02/02/19,0
01/02/19,0.164285714
31/01/19,0.75
30/01/19,0.0625
29/01/19,0.4
28/01/19,0.4
27/01/19,0.16
26/01/19,0
25/01/19,0
24/01/19,0
23/01/19,0.4
22/01/19,0.5
21/01/19,0.4
20/01/19,0.25
19/01/19,0
18/01/19,0.75
17/01/19,0.5
16/01/19,-0.1
15/01/19,0.136363636
14/01/19,-0.071428571
13/01/19,0
12/01/19,0.053571429
11/01/19,0
10/01/19,0
09/01/19,0
08/01/19,0
07/01/19,-0.291666667
06/01/19,0
05/01/19,0
04/01/19,-0.107142857
03/01/19,0.108333333
02/01/19,0
01/01/19,0
31/12/18,0.75
30/12/18,0
29/12/18,-0.0625
28/12/18,0
27/12/18,-0.35
26/12/18,0.032467532
25/12/18,0.0625
24/12/18,0.1875
23/12/18,0
22/12/18,0.466666667
21/12/18,0
20/12/18,0
19/12/18,-0.7
18/12/18,0.1
17/12/18,0.6
16/12/18,0.2
15/12/18,0.6
14/12/18,0
13/12/18,-0.155555556
12/12/18,0.033333333
11/12/18,0.55
10/12/18,0
09/12/18,0
08/12/18,0.0625
07/12/18,-0.071428571
06/12/18,0.6
05/12/18,0.3
04/12/18,-0.4
03/12/18,0.25
02/12/18,0
01/12/18,0
30/11/18,-0.121212121
29/11/18,0
28/11/18,0
27/11/18,0
26/11/18,0.4
25/11/18,0.136363636
24/11/18,0.4
23/11/18,0
22/11/18,0
21/11/18,0.233333333
20/11/18,0.083333333
19/11/18,0
18/11/18,0.4
17/11/18,0
16/11/18,0
15/11/18,0
14/11/18,0
13/11/18,0
12/11/18,0
11/11/18,0.136363636
10/11/18,-0.125
09/11/18,0
08/11/18,0.8
07/11/18,0.3
06/11/18,0
05/11/18,0
04/11/18,0.5
03/11/18,0
02/11/18,0
01/11/18,0.75
31/10/18,0
30/10/18,0.05
29/10/18,0
28/10/18,0.108333333
27/10/18,0.2
26/10/18,0.108333333
25/10/18,0
24/10/18,0.6
23/10/18,0
22/10/18,0
21/10/18,0
20/10/18,0.218181818
19/10/18,0
18/10/18,0
17/10/18,0.4
16/10/18,0.16
15/10/18,-0.030555556
14/10/18,0.136363636
13/10/18,-0.033333333
12/10/18,0.10625
11/10/18,0
10/10/18,0
09/10/18,0
08/10/18,0.112121212
07/10/18,0.136363636
06/10/18,0
05/10/18,0
04/10/18,0.136363636
03/10/18,0.4
02/10/18,0
01/10/18,0.2
30/09/18,0.4
29/09/18,0.4
28/09/18,0.4
27/09/18,0.4
26/09/18,0.5
25/09/18,0
24/09/18,0
23/09/18,0
22/09/18,-0.05
21/09/18,0
20/09/18,-0.155555556
19/09/18,0
18/09/18,-0.0625
17/09/18,0.7
16/09/18,0.068181818
15/09/18,0.268181818
14/09/18,0
13/09/18,0.108333333
12/09/18,0.2
11/09/18,0
10/09/18,0.244318182
09/09/18,-0.030555556
08/09/18,0
07/09/18,0
06/09/18,0
05/09/18,0
04/09/18,0
03/09/18,0.189285714
02/09/18,0.35
01/09/18,0.261904762
31/08/18,0.468181818
30/08/18,0.136363636
29/08/18,0
28/08/18,0
27/08/18,0.4
26/08/18,0.4
25/08/18,0.4
24/08/18,0.4
23/08/18,0.43
22/08/18,0.4
21/08/18,0
20/08/18,0.4
19/08/18,0.333333333
18/08/18,0.077777778
17/08/18,0
16/08/18,0
15/08/18,0.91
14/08/18,0.5
13/08/18,0.25
12/08/18,0.4
11/08/18,0.108333333
10/08/18,0.4
09/08/18,0
08/08/18,0
07/08/18,0.0625
06/08/18,-0.071428571
05/08/18,0.4
04/08/18,0.25
03/08/18,0
02/08/18,0.1
01/08/18,0
31/07/18,0.068181818
30/07/18,0.285714286
29/07/18,0
28/07/18,-0.076923077
27/07/18,0
26/07/18,0.4125
25/07/18,0
24/07/18,0.136363636
23/07/18,0.05
22/07/18,0
21/07/18,0.033333333
20/07/18,0
19/07/18,0
18/07/18,0
17/07/18,0.75
16/07/18,0
15/07/18,0
14/07/18,0
13/07/18,0
12/07/18,-0.138888889
11/07/18,0.75
10/07/18,0
09/07/18,-0.25
08/07/18,-0.15
07/07/18,0
06/07/18,0
05/07/18,-0.033333333
04/07/18,0.066666667
03/07/18,0.1875
02/07/18,0
01/07/18,-0.25
30/06/18,0.1
29/06/18,0
28/06/18,0
27/06/18,0.25
26/06/18,-0.020833333
25/06/18,0
24/06/18,0.136363636
23/06/18,0
22/06/18,0
21/06/18,0
20/06/18,0
19/06/18,0
18/06/18,0.285714286
17/06/18,-0.033333333
16/06/18,0.5
15/06/18,0
14/06/18,0
13/06/18,0
12/06/18,0.0625
11/06/18,0
10/06/18,0.168181818
09/06/18,0.75
08/06/18,-0.071428571
07/06/18,0.136363636
06/06/18,0
05/06/18,0.068181818
04/06/18,0
03/06/18,0
02/06/18,0.5
01/06/18,0.416666667
31/05/18,0.3
30/05/18,0.166666667
29/05/18,0.05
28/05/18,-0.2
27/05/18,0
26/05/18,0.3
25/05/18,0
24/05/18,0.75
23/05/18,0.25
22/05/18,0.5
21/05/18,0
20/05/18,-0.033333333
19/05/18,0
18/05/18,0
17/05/18,0
16/05/18,0.136363636
15/05/18,-0.583333333
14/05/18,0.75
13/05/18,0
12/05/18,0.8
11/05/18,0.05
10/05/18,0
09/05/18,0.05
08/05/18,0
07/05/18,-0.033333333
06/05/18,0
05/05/18,-0.025
04/05/18,0.12
03/05/18,0.428571429
02/05/18,0
01/05/18,0
30/04/18,0.75
29/04/18,0.2
28/04/18,0
27/04/18,0.0625
26/04/18,0.268181818
25/04/18,0
24/04/18,0
23/04/18,0.4
22/04/18,0.3
21/04/18,0
20/04/18,0
19/04/18,0.25
18/04/18,0
17/04/18,0
13/04/18,0
12/04/18,0.25
11/04/18,0.25
10/04/18,0.25
09/04/18,0
08/04/18,0.108333333
07/04/18,0.136363636
06/04/18,0
05/04/18,-0.031818182
04/04/18,0
03/04/18,0.0625
02/04/18,0
01/04/18,0.268181818
31/03/18,0.203333333
30/03/18,0.033333333
29/03/18,0
28/03/18,0
27/03/18,0.4
26/03/18,-0.013392857
25/03/18,-0.031818182
24/03/18,0
23/03/18,0
22/03/18,-0.5
21/03/18,0.12
20/03/18,0.16
19/03/18,0.2
18/03/18,-0.0625
17/03/18,0.136363636
16/03/18,0.2
15/03/18,0.025
14/03/18,0
13/03/18,0
12/03/18,0.5
11/03/18,0.0625
10/03/18,0
09/03/18,0.75
08/03/18,-0.033333333
07/03/18,0
06/03/18,0
05/03/18,0.671666667
04/03/18,0
03/03/18,0
02/03/18,0
01/03/18,0
28/02/18,0
27/02/18,0.0625
26/02/18,0.6
25/02/18,0.0625
24/02/18,0
23/02/18,0.136363636
22/02/18,0.243181818
21/02/18,0.053571429
20/02/18,0.096428571
19/02/18,0.136363636
18/02/18,0
17/02/18,-0.071428571
16/02/18,0
15/02/18,0
14/02/18,0
13/02/18,0.1
12/02/18,0.05
11/02/18,0
10/02/18,0
09/02/18,0.468181818
08/02/18,0.433333333
07/02/18,-0.0625
06/02/18,0.068181818
05/02/18,0
04/02/18,0.433333333
03/02/18,0
02/02/18,0
01/02/18,0.5